file_id,synthetic_score
2d374fc61bd89e32,0.02064527105540037
a16d964cbc834a93,0.010515405796468258
b2d4c3e0c6f5d9eb,0.005033648184811075
7ef232f361bef9b1,0.23407148238038644
53e37aaed490552c,0.0014929125609342009
5ff395f46501f6ac,0.1995619189401623
023cbf402e2b5636,0.04052310436964035
c56efbc7f397ec81,0.48921575699932873
3e7432f9b03cce3b,0.23419696907512844
4300be802c81cc6a,0.0008825580298434943
49c38ce1e5863ad3,0.1512845524121076
c65b7c50abf8ead9,0.005022474564611912
b9bcdda92ac7de4e,0.017151382630496908
49d0f145db1f0453,0.003994627215433866
95e7eaa31009ce96,0.7417200207710266
6b33d493a5263124,0.4842796908827343
d2756c5a6f953b70,0.9264521598815918
577d27957724325c,0.14223381939033666
39793abf5ad6f0ff,0.13288935646414757
96a1777735a07add,0.43640895187854767
08e6d2c7c51f7be2,0.044343726399044193
36299fadd6fbb379,0.8192222118377686
ab3c0b8742e058ad,0.23708310723304749
0261252ea6a7d6b8,0.8447311520576477
