file_id,path,label
2d374fc61bd89e32,original/en/wives_and_daughters_17_f000049.wav,0
a16d964cbc834a93,original/en/jane_eyre_19_f000009.wav,0
b2d4c3e0c6f5d9eb,original/en/emerald_city_of_oz_04_f000005.wav,0
7ef232f361bef9b1,original/en/northandsouth_30_f000045.wav,0
53e37aaed490552c,original/en/northandsouth_15_f000125.wav,0
5ff395f46501f6ac,original/en/northandsouth_03_f000065.wav,0
023cbf402e2b5636,original/en/jane_eyre_27_f000392.wav,0
c56efbc7f397ec81,original/en/wives_and_daughters_59_f000126.wav,0
3e7432f9b03cce3b,original/en/jane_eyre_16_f000189.wav,0
4300be802c81cc6a,original/en/wives_and_daughters_34_f000129.wav,0
49c38ce1e5863ad3,original/en/wives_and_daughters_60_f000362.wav,0
c65b7c50abf8ead9,original/en/the_master_key_03_f000099.wav,0
b9bcdda92ac7de4e,fake/en/Chatterbox/jane_eyre_21_f000371.wav,1
49d0f145db1f0453,fake/en/Chatterbox/wives_and_daughters_01_f000171.wav,1
95e7eaa31009ce96,fake/en/Chatterbox/piratesofersatz_05_leinster_64kb_f000020.wav,1
6b33d493a5263124,fake/en/Edge-TTS/hunters_space_13_f000101.wav,1
d2756c5a6f953b70,fake/en/Edge-TTS/emerald_city_of_oz_23_f000060.wav,1
577d27957724325c,fake/en/Edge-TTS/jane_eyre_15_f000218.wav,1
39793abf5ad6f0ff,fake/en/FishTTS/northandsouth_20_f000133.wav,1
96a1777735a07add,fake/en/FishTTS/northandsouth_26_f000036.wav,1
08e6d2c7c51f7be2,fake/en/FishTTS/skyisland_15_baum_64kb_f000054.wav,1
36299fadd6fbb379,fake/en/MeloTTS/the_sea_fairies_18_f000010.wav,1
ab3c0b8742e058ad,fake/en/MeloTTS/emerald_city_of_oz_05_f000071.wav,1
0261252ea6a7d6b8,fake/en/MeloTTS/skyisland_22_baum_64kb_f000004.wav,1
