file_id,synthetic_score,status,error
2d374fc61bd89e32,0.004800217808,completed,
a16d964cbc834a93,0.08029161487,completed,
b2d4c3e0c6f5d9eb,0.02574664323,completed,
7ef232f361bef9b1,0.220020739,completed,
53e37aaed490552c,0.04621446552,completed,
5ff395f46501f6ac,0.1040543547,completed,
023cbf402e2b5636,0.9057281017,completed,
c56efbc7f397ec81,0.5248041246,completed,
3e7432f9b03cce3b,0.524285296,completed,
4300be802c81cc6a,0.004449964035,completed,
49c38ce1e5863ad3,0.2906906903,completed,
c65b7c50abf8ead9,0.06541246921,completed,
b9bcdda92ac7de4e,0.09214715551,completed,
49d0f145db1f0453,0.2201657444,completed,
95e7eaa31009ce96,0.9398448467,completed,
6b33d493a5263124,0.5209797011,completed,
d2756c5a6f953b70,0.9975249767,completed,
577d27957724325c,0.1618704839,completed,
39793abf5ad6f0ff,0.1258518137,completed,
96a1777735a07add,0.8743628561,completed,
08e6d2c7c51f7be2,0.03906039428,completed,
36299fadd6fbb379,0.9371784925,completed,
ab3c0b8742e058ad,0.2687816322,completed,
0261252ea6a7d6b8,0.9736542702,completed,
